-- MySQL dump 10.13  Distrib 5.7.24, for Linux (x86_64)
--
-- Host: localhost    Database: blog
-- ------------------------------------------------------
-- Server version	5.7.24

/*!40101 SET @OLD_CHARACTER_SET_CLIENT=@@CHARACTER_SET_CLIENT */;
/*!40101 SET @OLD_CHARACTER_SET_RESULTS=@@CHARACTER_SET_RESULTS */;
/*!40101 SET @OLD_COLLATION_CONNECTION=@@COLLATION_CONNECTION */;
/*!40101 SET NAMES utf8 */;
/*!40103 SET @OLD_TIME_ZONE=@@TIME_ZONE */;
/*!40103 SET TIME_ZONE='+00:00' */;
/*!40014 SET @OLD_UNIQUE_CHECKS=@@UNIQUE_CHECKS, UNIQUE_CHECKS=0 */;
/*!40014 SET @OLD_FOREIGN_KEY_CHECKS=@@FOREIGN_KEY_CHECKS, FOREIGN_KEY_CHECKS=0 */;
/*!40101 SET @OLD_SQL_MODE=@@SQL_MODE, SQL_MODE='NO_AUTO_VALUE_ON_ZERO' */;
/*!40111 SET @OLD_SQL_NOTES=@@SQL_NOTES, SQL_NOTES=0 */;

--
-- Table structure for table `article`
--

DROP TABLE IF EXISTS `article`;
/*!40101 SET @saved_cs_client     = @@character_set_client */;
/*!40101 SET character_set_client = utf8 */;
CREATE TABLE `article` (
  `atc_id` int(11) NOT NULL AUTO_INCREMENT,
  `atc_title` varchar(256) DEFAULT NULL,
  `atc_fileUrl` varchar(256) DEFAULT NULL,
  `atc_type` tinyint(4) DEFAULT '1',
  `atc_weight` tinyint(4) DEFAULT '0',
  `atc_read` int(11) DEFAULT NULL,
  `atc_preview` int(11) DEFAULT NULL,
  `atc_download` int(11) DEFAULT NULL,
  `atc_like` int(11) DEFAULT NULL,
  `atc_enabled` tinyint(4) DEFAULT NULL,
  `atc_content` text,
  `atc_publish_time` varchar(256) DEFAULT NULL,
  PRIMARY KEY (`atc_id`)
) ENGINE=InnoDB AUTO_INCREMENT=28 DEFAULT CHARSET=utf8;
/*!40101 SET character_set_client = @saved_cs_client */;

--
-- Dumping data for table `article`
--

LOCK TABLES `article` WRITE;
/*!40000 ALTER TABLE `article` DISABLE KEYS */;
INSERT INTO `article` VALUES (1,'微信小程序开发的本地政务商圈源码（生活+便民+政务）','/public/uploads/wchat_rmgm.zip',1,1,17,5,4,1,0,'<h1>微信小程序开发的本地政务商圈源码（生活+便民+政务）</h1><p><img src=\"/public/images/20181224225318 (1).jpg\" style=\"max-width:100%;\"><br></p><p><img src=\"/public/images/20181224225345.jpg\" style=\"max-width:100%;\"><br></p><p>资源来源网络</p>','1545813696423'),(2,'jQuery焦点图3D翻转轮播切换特效','/public/uploads/jQuery3d.zip',1,1,32,18,5,1,1,'<p>jQuery焦点图3D翻转轮播切换特效，一款基于jQuery Slider图片轮播插件制作的带缩略图和按钮控制的图片3D切换效果&nbsp;</p><p><img src=\"/public/images/20181224230358.jpg\" style=\"max-width:100%;\"><br></p><p><img src=\"/public/images/20181224230418.jpg\" style=\"max-width:100%;\"><br></p><p>资源来源网络</p>','1545813336048'),(3,'canvas画出来的鲨鱼特效','/public/uploads/大鲨鱼性格在线.zip',1,1,22,15,1,1,1,'<p style=\"text-align: center;\">基于canvas画出来的鲨鱼特效</p><p style=\"text-align: center;\">感觉很真实，作者十分用心</p><p style=\"text-align: center;\"><img src=\"/public/images/17_15_14__12_25_2018.jpg\" style=\"max-width:100%;\"><br></p><p style=\"text-align: left;\">来源网络</p>','1547466656927'),(4,'正方体3d旋转动画,魔方图片展示','/public/uploads/html5-3d-cube-image.zip',1,1,18,9,1,1,1,'<p style=\"text-align: center;\">正方体3d旋转动画,魔方图片展示</p><p style=\"text-align: center;\">不得不佩服作者的思路以及这配图，</p><p style=\"text-align: center;\">把这个立体的插件阐释的如此完整</p><p style=\"text-align: center;\"><img src=\"/public/images/16_59_12__12_26_2018.jpg\" style=\"max-width:100%;\"><br></p><p style=\"text-align: center;\"><img src=\"/public/images/16_59_27__12_26_2018.jpg\" style=\"max-width:100%;\"><br></p><p>来源网络</p>','1547467045132'),(5,'3D立方体拼图,支持方向键旋转','/public/uploads/html5-css3-3d-cube-puzzle.zip',1,1,16,10,1,1,1,'<p style=\"text-align: center;\">3D立方体拼图,支持方向键旋转；</p><p style=\"text-align: center;\">魔方思路，让一张枯燥无味的图片变得十分好玩；</p><p style=\"text-align: center;\">你不妨可以用女朋友的图片试试~~</p><p style=\"text-align: center;\"><img src=\"/public/images/17_11_16__12_26_2018.jpg\" style=\"max-width:100%;\"><br></p><p>来源网络</p>','1547466968940'),(6,'3D图片切片滑块旋转动画超级福利','/public/uploads/html5-3d-image-block.zip',1,1,14,15,1,1,1,'<p style=\"text-align: center;\">3D图片切片滑块旋转动画超级福利，</p><p style=\"text-align: center;\">配上寡姐的美图，只能用完美来形容这个插件了</p><p style=\"text-align: center;\"><img src=\"/public/images/19_49_56__12_26_2018.jpg\" style=\"max-width:100%;\"><br></p><p>来源网络</p>','1547466865311'),(7,'3D立体图片相册超级福利','/public/uploads/3dgirls.zip',1,1,17,11,2,1,1,'<p style=\"text-align: center;\">3D立体图片相册超级福利；</p><p style=\"text-align: center;\">一种四面八方的美女都向你靠近的错觉</p><p style=\"text-align: center;\"><br></p><p style=\"text-align: center;\"><img src=\"/public/images/20_13_03__12_26_2018.jpg\" style=\"max-width:100%;\"><br></p><p>来源网络</p><p><br></p>','1547466793301'),(8,'h5机械手臂随鼠标移动改变方向特效','/public/uploads/机械手臂抓抓抓.zip',1,1,22,9,2,1,1,'<ul><li style=\"text-align: center;\">h5机械手臂随鼠标移动改变方向特效</li><li style=\"text-align: center;\">很魔性的一个插件，可以用到人工智能网页的开发中</li><li style=\"text-align: center;\"><img src=\"/public/images/18_29_07__12_28_2018.jpg\" style=\"max-width:100%;\"><br></li><li style=\"text-align: left;\">来源网络</li></ul>','1547467145496'),(9,'简单代码js制作而成的催眠怀表','/public/uploads/watchTosleep.zip',1,1,25,13,2,1,1,'<p style=\"text-align: center;\">简单代码js制作而成的催眠怀表；</p><p style=\"text-align: center;\">看久了真的会睡哟</p><p style=\"text-align: center;\"><img src=\"/public/images/19_45_28__12_28_2018.jpg\" style=\"max-width:100%;\"><br></p><p>来源网络</p>','1547466681162'),(10,'仿苹果轮播图效果插件','/public/uploads/jQuery-Apple-Slider-master.zip',1,1,16,11,1,1,1,'<p>这里安利一下博主之前写过的一个轮播插件—根据苹果官网的轮播效果所扒下来的轮播插件（目前是重制版），</p><p>博主也在前端网上发了一篇文章介绍了这个插件的一些基本用法，下面是一个演示页面（建议使用新版谷歌、火狐浏览器观看，对于ie9以下不支持CSS3属性的浏览器不兼容）。<br></p><p><img src=\"/public/images/屏幕快照 2019-01-07 上午11.18.43.png\" style=\"max-width:100%;\"><br></p><p>来源：<a href=\"http://www.yangyunhe.me/2017/jquery-appleSlider/\" target=\"_blank\">http://www.yangyunhe.me/2017/jquery-appleSlider/</a></p>','1546831281190'),(11,'仿阴阳师轮播图效果插件','/public/uploads/jQuery-Yys-Slider-master.zip',1,1,27,10,1,1,1,'<p>这里分享一个博主之前写过的轮播插件—根据阴阳师官网的轮播效果所扒下来的轮播插件（目前是重制版），博主也在前端网上发了一篇文章介绍了这个插件的一些基本用法，下面是一个演示页面（建议使用新版谷歌、火狐浏览器观看，对于ie9以下不支持CSS3属性的浏览器不兼容）。<br></p><p><img src=\"/public/images/test.png\" style=\"max-width:100%;\"><br></p><p>来源：<a href=\"http://www.yangyunhe.me/2017/jquery-yysSlider/\" target=\"_blank\">http://www.yangyunhe.me/2017/jquery-yysSlider/</a></p>','1546831253317'),(12,'原生js做h5小游戏之植物大战僵尸','/public/uploads/h5-game-plantsVSzombies-master.zip',1,1,27,8,1,1,1,'<p style=\"text-align: center;\">植物大战僵尸这款经典游戏相信大家都玩过，</p><p style=\"text-align: center;\">最近我用原生JS+ES6语法，并通过canvas绘制的方式实现了这个游戏的一些基本功能，</p><p style=\"text-align: center;\">可能又人会问，实现这样的一个小游戏难吗？</p><p style=\"text-align: center;\">其实单看每一个实现的游戏模块来说，这个游戏的实现难度并不大，</p><p style=\"text-align: center;\">难点主要在于将所有游戏中的模块如何合理的融合在一起，</p><p style=\"text-align: center;\">在实现这个小游戏的过程中，我也踩过不少坑，</p><p style=\"text-align: center;\">也重写过一部分游戏逻辑。</p><p style=\"text-align: center;\">写这篇文章的目的也是为了记录和总结自己最近在开发中遇到的一些问题和解决问题的思路。</p><p style=\"text-align: center;\"><img src=\"/public/images/screenshot1.png\" style=\"max-width:100%;\"><br></p><p style=\"text-align: left;\">来源：<a href=\"http://www.yangyunhe.me/2018/h5-game-plantsVSzombies/\" target=\"_blank\">http://www.yangyunhe.me/2018/h5-game-plantsVSzombies/</a></p>','1547466509412'),(13,'原生js做h5小游戏之打砖块','/public/uploads/h5-game-blockBreaker-master.zip',1,1,15,9,1,1,1,'<p>本项目是利用原生js实现的h5小游戏，在实现时使用了大量es6语法，对于es6语法不太熟悉的小伙伴可以先查阅相关资料了解一下<br></p><p><img src=\"/public/images/screenshot2.png\" style=\"max-width:100%;\"><br></p><h2>已完成功能：</h2><ul><li><input type=\"checkbox\" id=\"\" disabled=\"\" checked=\"\">&nbsp;设计多个关卡</li><li><input type=\"checkbox\" id=\"\" disabled=\"\" checked=\"\">&nbsp;显示计分板</li><li><input type=\"checkbox\" id=\"\" disabled=\"\" checked=\"\">&nbsp;特殊砖块血量更多</li><li><input type=\"checkbox\" id=\"\" disabled=\"\" checked=\"\">&nbsp;小球撞击挡板多角度反弹</li><li><input type=\"checkbox\" id=\"\" disabled=\"\" checked=\"\">&nbsp;小球与砖块撞击不同部位，反弹角度不同</li><li><input type=\"checkbox\" id=\"\" disabled=\"\" checked=\"\">&nbsp;图片素材更新</li><li><input type=\"checkbox\" id=\"\" disabled=\"\" checked=\"\">&nbsp;砖块不同血量下图片自动切换</li></ul><h2><a id=\"user-content-待优化功能\" aria-hidden=\"true\" href=\"https://github.com/yangyunhe369/h5-game-blockBreaker#%E5%BE%85%E4%BC%98%E5%8C%96%E5%8A%9F%E8%83%BD\"><svg viewBox=\"0 0 16 16\" version=\"1.1\" width=\"16\" height=\"16\" aria-hidden=\"true\"><path fill-rule=\"evenodd\" d=\"M4 9h1v1H4c-1.5 0-3-1.69-3-3.5S2.55 3 4 3h4c1.45 0 3 1.69 3 3.5 0 1.41-.91 2.72-2 3.25V8.59c.58-.45 1-1.27 1-2.09C10 5.22 8.98 4 8 4H4c-.98 0-2 1.22-2 2.5S3 9 4 9zm9-3h-1v1h1c1 0 2 1.22 2 2.5S13.98 12 13 12H9c-.98 0-2-1.22-2-2.5 0-.83.42-1.64 1-2.09V6.25c-1.09.53-2 1.84-2 3.25C6 11.31 7.55 13 9 13h4c1.45 0 3-1.69 3-3.5S14.5 6 13 6z\"></path></svg></a>待优化功能：</h2><ul><li><input type=\"checkbox\" id=\"\" disabled=\"\">&nbsp;小球与挡板和砖块之间的碰撞模型不够精确</li><li><br></li><li>来源：<a href=\"http://www.yangyunhe.me/2017/h5-game-blockBreaker/\" target=\"_blank\">http://www.yangyunhe.me/2017/h5-game-blockBreaker/</a></li></ul>','1546831316062'),(14,'基于wepy 商城(微店)微信小程序','/public/uploads/wepy-mall-master.zip',1,1,38,7,1,1,0,'<p>基于wepy 商城(微店)微信小程序</p><p>1、使用微信开发者工具--&gt;添加项目，项目目录请选择dist目录。</p><p>2、微信开发者工具--&gt;项目--&gt;关闭ES6转ES5。 重要：漏掉此项会运行报错。</p><p>3、微信开发者工具--&gt;项目--&gt;关闭上传代码时样式自动补全。 重要：某些情况下漏掉此项也会运行报错。</p><p>4、微信开发者工具--&gt;项目--&gt;关闭代码压缩上传。 重要：开启后，会导致真机computed, props.sync 等等属性失效。</p><p><img src=\"/public/images/WechatIMG263.jpeg\" style=\"max-width:100%;\"><br></p><p>预览：</p><p><img src=\"/public/images/qr.jpg\" style=\"max-width:100%;\"><br></p><p>来源：<a href=\"https://github.com/dyq086/wepy-mall\" target=\"_blank\">https://github.com/dyq086/wepy-mall</a></p>','1546831303390'),(15,'Canvas网页版H5坦克大战游戏','/public/uploads/html5-simple-tank.zip',1,1,13,3,1,1,1,'<p style=\"text-align: center;\">这款简化版的HTML5坦克大战游戏，</p><p style=\"text-align: center;\">可以利用键盘方向键控制坦克的行进方向，空格键发射子弹，</p><p style=\"text-align: center;\">命中敌方坦克后还能发出声音。<br></p><p style=\"text-align: center;\"><img src=\"/public/images/html5-simple-tank.png\" style=\"max-width:100%;\"><br></p><p style=\"text-align: center;\">代码代码简单明了，适合新手！</p><p style=\"text-align: left;\">资源来源网络</p><p style=\"text-align: center;\"><br></p>','1547466424834'),(16,'纯JS实现的Html5切木头游戏','/public/uploads/html5-wood-game.zip',1,1,15,3,1,1,1,'<p style=\"text-align: center;\">这款游戏的玩法是将木头堆积起来，多出的部分将被切除，直到下一根木头无法堆放为止。</p><p style=\"text-align: center;\">该HTML5游戏的特色是待堆放的木头是移动的，玩家要控制木头下落的位置越好，分数才能越高。</p><p style=\"text-align: center;\"><br></p><p style=\"text-align: center;\"><img src=\"/public/images/html5-wood-game.png\" style=\"max-width:100%;\"><br></p><p style=\"text-align: left;\">资源来源网络</p>','1547466387722'),(17,'基于canvas的纯js Html5下雪特效','/public/uploads/html5-snow-0115.zip',1,1,16,7,1,1,1,'<p><div style=\"text-align: center;\">参数可以调整，图片可替换，适配移动端，</div><div style=\"text-align: center;\">代码简单明了，适合入门canvas特效</div><div style=\"text-align: center;\"><img src=\"/public/images/屏幕快照 2019-01-15 上午11.49.53.png\" style=\"max-width:100%;\"><br></div></p>','1547524541730'),(18,'纯js实现的html5图片滑动特效-超级福利','/public/uploads/html5-slider-0115.zip',1,1,40,13,1,1,1,'<p style=\"text-align: center;\">没有引入任何的组件，纯js实现，</p><p style=\"text-align: center;\">代码简单，下载就可以使用了；</p><p style=\"text-align: center;\">可适配移动端，单位支持自由改动，嵌入方便！</p><p style=\"text-align: center;\"><img src=\"/public/images/html5-slider-0115.png\" style=\"max-width:100%;\"><br></p>','1547542211836'),(19,'简单漂亮的CSS3图片鼠标悬停遮罩效果','/public/uploads/css3-tpzz-201901231.zip',1,1,45,12,2,1,1,'<h2 style=\"text-align: left;\">效果图：</h2><p style=\"text-align: left;\"><br></p><p style=\"text-align: left;\"><img src=\"/public/images/liuyan201901.JPG\" style=\"max-width:100%;\"><br></p><p></p><div style=\"text-align: left;\"><h2><br></h2><h2>难易程度：简单</h2><div><br></div><h2>功能描述：</h2><div><br></div><div>纯CSS3实现的动画遮罩效果</div><div>当鼠标悬停在图片上，</div><div>会从右上角一个沿着逆时针方向旋转过来的动画效果</div><div>鼠标移走后遮罩复位。</div><div><br></div><h2>使用方法：</h2><div><br></div><div>适合pc端直接套用，移动端换一下单位即可食用</div><div><br></div><h2>html代码：</h2><div><br></div><div><pre><code>&lt;div class=\"box\"&gt;<br>&lt;ul&gt;<br>	&lt;li&gt;<br>		&lt;img src=\"liuyan201901.JPG\" alt=\"\"&gt;<br>		&lt;div class=\"cover\"&gt;<br>			&lt;a href=\"\"&gt;&lt;i class=\"fa fa-plus\"&gt;&lt;/i&gt;&lt;/a&gt;<br>			&lt;h4&gt;柳岩&lt;/h4&gt;<br>			&lt;p&gt;中国女明星&lt;/p&gt;<br>		&lt;/div&gt;<br>	&lt;/li&gt;<br>	&lt;li&gt;<br>		&lt;img src=\"liuyan201901.JPG\" alt=\"\"&gt;<br>		&lt;div class=\"cover\"&gt;<br>			&lt;a href=\"\"&gt;&lt;i class=\"fa fa-plus\"&gt;&lt;/i&gt;&lt;/a&gt;<br>			&lt;h4&gt;柳岩&lt;/h4&gt;<br>			&lt;p&gt;中国女明星&lt;/p&gt;<br>		&lt;/div&gt;<br>	&lt;/li&gt;<br>&lt;/ul&gt;<br>&lt;/div&gt;</code></pre><h2><br></h2><h2>css样式代码：</h2></div><div><br></div><div><pre><code>&lt;style&gt;<br>* { <br>	margin: 0; <br>	padding: 0; <br>	}<br>body { <br>	font-family: \"Microsoft yahei\", Arial; <br>	background: #eee; <br>	}<br>.box { <br>	width: 518px; <br>	height: 500px; <br>	margin: 50px auto; <br>	}<br>.box ul li { <br>	float: left; <br>	width: 237px; <br>	height: 158px; <br>	background: indigo; <br>	border: solid 1px gold;<br>	margin: 10px; <br>	list-style: none; <br>	position: relative; <br>	overflow: hidden; <br>	}<br>.box ul li .cover a { <br>	width: 30px; <br>	height: 30px; <br>	background: #ffffff; <br>	display: block; <br>	border-radius: 50%; <br>	line-height: 30px; <br>	margin: 30px auto; <br>	}<br>.box ul li .cover a i { <br>	color: red; <br>	}<br>.box ul li .cover { <br>	width: 237px; <br>	height: 158px; <br>	background: rgba(255, 39, 42, 0.7); <br>	position: absolute; <br>	left: 0; <br>	top: 0; <br>	text-align: center; <br>	color: #ffffff; <br>	transform-origin: right bottom; <br>	-webkit-transform-origin: right bottom; <br>	-moz-transform-origin: right bottom; <br>	transform: rotate(90deg); <br>	-webkit-transform: rotate(90deg); <br>	-moz-transform: rotate(90deg); <br>	transition: all 0.35s; <br>	-webkit-transition: all 0.35s; <br>	-moz-transition: all 0.35s; <br>	}<br>.box ul li .cover p { <br>	margin-top: 10px; <br>	font-size: 14px; <br>	}<br>.box ul li:hover .cover { <br>	transform: rotate(0deg); <br>	-webkit-transform: rotate(0deg); <br>	-moz-transform: rotate(0deg); <br>	}<br>&lt;/style&gt;</code></pre><p>\n\n\n<style type=\"text/css\">\nli.li1 {margin: 0.0px 0.0px 0.0px 0.0px; font: 12.0px \'.PingFang SC\'}\nspan.s1 {font: 12.0px \'Helvetica Neue\'}\nul.ul1 {list-style-type: hyphen}\n</style>\n\n\n</p><h5><p></p><ul><li style=\"text-align: left;\"><span style=\"font-weight: normal;\"><br></span></li></ul><p><ul><li><span style=\"font-weight: normal;\">声明：主要内容来源于网络，经过本站优化，仅限学习交流请勿用于商业用途。如损害你的权益请联系客服QQ：951978694给予处理。</span></li></ul></p><p></p></h5></div></div><p></p>','1552293404323'),(20,'H5酷炫的特效让图片爆炸的动画','/public/uploads/boomJS-master.zip',1,1,38,10,1,1,1,'<h2><ul><li>效果图：</li><li><br></li></ul></h2><p><img src=\"/public/images/boom-preview.jpg\" style=\"max-width:100%;\"><br></p><p><br></p><p>\n\n\n<style type=\"text/css\">\nli.li1 {margin: 0.0px 0.0px 0.0px 0.0px; font: 12.0px \'.PingFang SC\'}\nspan.s1 {font: 12.0px \'Helvetica Neue\'}\nul.ul1 {list-style-type: hyphen}\n</style>\n\n\n</p><h3><h2><ul><li>难易程度：一般</li></ul></h2></h3><ul>\n<li><br></li>\n</ul><p>\n\n\n<style type=\"text/css\">\nli.li1 {margin: 0.0px 0.0px 0.0px 0.0px; font: 12.0px \'.PingFang SC\'}\nspan.s1 {font: 12.0px \'Helvetica Neue\'}\nul.ul1 {list-style-type: hyphen}\n</style>\n\n\n</p><h2><ul><li>功能描述：</li></ul></h2><ul>\n<li><br></li><li>一个有趣的动画效果，用&nbsp;<code>JavaScript</code>&nbsp;配合&nbsp;<code>CSS3</code>&nbsp;实现让图片爆炸的动画。</li><li><br></li></ul><p>\n\n\n<style type=\"text/css\">\np.p1 {margin: 0.0px 0.0px 0.0px 0.0px; font: 12.0px \'.PingFang SC\'}\n</style>\n\n\n</p><h2><span style=\"font-weight: bold;\">使用方法：直接引入</span></h2><p><br></p><p>\n\n\n<style type=\"text/css\">\np.p1 {margin: 0.0px 0.0px 0.0px 0.0px; font: 12.0px \'.PingFang SC\'}\n</style>\n\n\n</p><h2>重要代码：</h2><p><br></p><pre><code>&lt;!-- style --&gt;<br>&lt;link rel=\"stylesheet\" type=\"text/css\" href=\"Boom.css\" /&gt;<br>&lt;!-- scripts --&gt;<br>&lt;script src=\"jquery.js\"&gt;&lt;/script&gt;<br>&lt;!-- scripts --&gt;<br>&lt;script src=\"boom.js\"&gt;&lt;/script&gt;<br><br>&lt;script&gt;<br>// 调用方法：<br>//法一：传入图片的 jQuery 对象<br>boom($(\'img\')) <br><br>// 法二：构建 boom 实例，传入图片的 jQuery 对象<br>var bom = boom();<br>bom.boom($(\'img\'));<br>&lt;/script&gt;</code></pre><pre><code>boom($(\'img\'),{<br>  // 缩放值<br> \'scaleLevel\' : 3,<br>  // 模糊值<br> \'blurLevel\': 9,<br>  // 弹射距离 <br> \'boomLevel\': 4,<br>  // 爆炸时长<br> \'boomTime\':800,<br>  // 是否打开日志<br> \'isOpenLog\':true<br>});</code></pre><p><br></p><p>资源来源：<a href=\"https://github.com/chokcoco/boomJS\" target=\"_blank\">https://github.com/chokcoco/boomJS</a></p><p><br></p><p>声明：主要内容来源于网络，仅限学习交流请勿用于商业用途。如损害你的权益请联系客服QQ：951978694给予处理。<br></p><style type=\"text/css\">\np.p1 {margin: 0.0px 0.0px 0.0px 0.0px; font: 12.0px \'.PingFang SC\'}\nspan.s1 {font: 12.0px \'Helvetica Neue\'}\n</style><style type=\"text/css\">\nli.li1 {margin: 0.0px 0.0px 0.0px 0.0px; font: 12.0px \'.PingFang SC\'}\nspan.s1 {font: 12.0px \'Helvetica Neue\'}\nul.ul1 {list-style-type: hyphen}\n</style>','1552294820736'),(21,'animejs和canvas结合的一个烟花爆炸效果','/public/uploads/color-changin1.zip',1,1,56,16,4,1,1,'<h2>效果图：</h2><p><br></p><p><img src=\"/public/images/15_37_11__01_28_2019.jpg\" style=\"max-width:100%;\"><br></p><p><br></p><h2>难易程度：一般</h2><p><br></p><h2>功能描述：</h2><p><br></p><p>animejs和canvas结合的一个烟花爆炸效果；</p><p>鼠标点击即可触发效果，点击的地方会有烟花爆炸效果；</p><p>Anime.js&nbsp;(/ˈæn.ə.meɪ/)&nbsp;是一个轻量级JavaScript动画库，具有简单但功能强大的API。</p><p>它的作者是Julian Garnier。它适用于CSS属性，SVG，DOM属性和JavaScript对象。</p><p>Anime.js官网:&nbsp;<a href=\"https://animejs.com/\" target=\"_blank\" rel=\"noopener noreferrer\">https://animejs.com/</a><br></p><p><br></p><h2>使用方法：</h2><p><br></p><p>根据它这个思路，我们可以开发出其他很多实用或者好玩的效果！<br></p><p><br></p><h2>核心js代码：</h2><p><br></p><pre><code>var c = document.getElementById(\"c\");<br>var ctx = c.getContext(\"2d\");<br>var cH;<br>var cW;<br>var bgColor = \"#FF6138\";<br>var animations = [];<br>var circles = [];<br><br>var colorPicker = (function() {<br>  var colors = [\"#FF6138\", \"#FFBE53\", \"#2980B9\", \"#282741\"];<br>  var index = 0;<br>  function next() {<br>    index = index++ &lt; colors.length-1 ? index : 0;<br>    return colors[index];<br>  }<br>  function current() {<br>    return colors[index]<br>  }<br>  return {<br>    next: next,<br>    current: current<br>  }<br>})();<br><br>function removeAnimation(animation) {<br>  var index = animations.indexOf(animation);<br>  if (index &gt; -1) animations.splice(index, 1);<br>}<br><br>function calcPageFillRadius(x, y) {<br>  var l = Math.max(x - 0, cW - x);<br>  var h = Math.max(y - 0, cH - y);<br>  return Math.sqrt(Math.pow(l, 2) + Math.pow(h, 2));<br>}<br><br>function addClickListeners() {<br>  document.addEventListener(\"touchstart\", handleEvent);<br>  document.addEventListener(\"mousedown\", handleEvent);<br>};<br><br>function handleEvent(e) {<br>    if (e.touches) { <br>      e.preventDefault();<br>      e = e.touches[0];<br>    }<br>    var currentColor = colorPicker.current();<br>    var nextColor = colorPicker.next();<br>    var targetR = calcPageFillRadius(e.pageX, e.pageY);<br>    var rippleSize = Math.min(200, (cW * .4));<br>    var minCoverDuration = 750;<br>    <br>    var pageFill = new Circle({<br>      x: e.pageX,<br>      y: e.pageY,<br>      r: 0,<br>      fill: nextColor<br>    });<br>    var fillAnimation = anime({<br>      targets: pageFill,<br>      r: targetR,<br>      duration:  Math.max(targetR / 2 , minCoverDuration ),<br>      easing: \"easeOutQuart\",<br>      complete: function(){<br>        bgColor = pageFill.fill;<br>        removeAnimation(fillAnimation);<br>      }<br>    });<br>    <br>    var ripple = new Circle({<br>      x: e.pageX,<br>      y: e.pageY,<br>      r: 0,<br>      fill: currentColor,<br>      stroke: {<br>        width: 3,<br>        color: currentColor<br>      },<br>      opacity: 1<br>    });<br>    var rippleAnimation = anime({<br>      targets: ripple,<br>      r: rippleSize,<br>      opacity: 0,<br>      easing: \"easeOutExpo\",<br>      duration: 900,<br>      complete: removeAnimation<br>    });<br>    <br>    var particles = [];<br>    for (var i=0; i&lt;32; i++) {<br>      var particle = new Circle({<br>        x: e.pageX,<br>        y: e.pageY,<br>        fill: currentColor,<br>        r: anime.random(24, 48)<br>      })<br>      particles.push(particle);<br>    }<br>    var particlesAnimation = anime({<br>      targets: particles,<br>      x: function(particle){<br>        return particle.x + anime.random(rippleSize, -rippleSize);<br>      },<br>      y: function(particle){<br>        return particle.y + anime.random(rippleSize * 1.15, -rippleSize * 1.15);<br>      },<br>      r: 0,<br>      easing: \"easeOutExpo\",<br>      duration: anime.random(1000,1300),<br>      complete: removeAnimation<br>    });<br>    animations.push(fillAnimation, rippleAnimation, particlesAnimation);<br>}<br><br>function extend(a, b){<br>  for(var key in b) {<br>    if(b.hasOwnProperty(key)) {<br>      a[key] = b[key];<br>    }<br>  }<br>  return a;<br>}<br><br>var Circle = function(opts) {<br>  extend(this, opts);<br>}<br><br>Circle.prototype.draw = function() {<br>  ctx.globalAlpha = this.opacity || 1;<br>  ctx.beginPath();<br>  ctx.arc(this.x, this.y, this.r, 0, 2 * Math.PI, false);<br>  if (this.stroke) {<br>    ctx.strokeStyle = this.stroke.color;<br>    ctx.lineWidth = this.stroke.width;<br>    ctx.stroke();<br>  }<br>  if (this.fill) {<br>    ctx.fillStyle = this.fill;<br>    ctx.fill();<br>  }<br>  ctx.closePath();<br>  ctx.globalAlpha = 1;<br>}<br><br>var animate = anime({<br>  duration: Infinity,<br>  update: function() {<br>    ctx.fillStyle = bgColor;<br>    ctx.fillRect(0, 0, cW, cH);<br>    animations.forEach(function(anim) {<br>      anim.animatables.forEach(function(animatable) {<br>        animatable.target.draw();<br>      });<br>    });<br>  }<br>});<br><br>var resizeCanvas = function() {<br>  cW = window.innerWidth;<br>  cH = window.innerHeight;<br>  c.width = cW * devicePixelRatio;<br>  c.height = cH * devicePixelRatio;<br>  ctx.scale(devicePixelRatio, devicePixelRatio);<br>};<br><br>(function init() {<br>  resizeCanvas();<br>  if (window.CP) {<br>    // CodePen\'s loop detection was causin\' problems<br>    // and I have no idea why, so...<br>    window.CP.PenTimer.MAX_TIME_IN_LOOP_WO_EXIT = 6000; <br>  }<br>  window.addEventListener(\"resize\", resizeCanvas);<br>  addClickListeners();<br>  if (!!window.location.pathname.match(/fullcpgrid/)) {<br>    startFauxClicking();<br>  }<br>  handleInactiveUser();<br>})();<br><br>function handleInactiveUser() {<br>  var inactive = setTimeout(function(){<br>    fauxClick(cW/2, cH/2);<br>  }, 2000);<br>  <br>  function clearInactiveTimeout() {<br>    clearTimeout(inactive);<br>    document.removeEventListener(\"mousedown\", clearInactiveTimeout);<br>    document.removeEventListener(\"touchstart\", clearInactiveTimeout);<br>  }<br>  <br>  document.addEventListener(\"mousedown\", clearInactiveTimeout);<br>  document.addEventListener(\"touchstart\", clearInactiveTimeout);<br>}<br><br>function startFauxClicking() {<br>  setTimeout(function(){<br>    fauxClick(anime.random( cW * .2, cW * .8), anime.random(cH * .2, cH * .8));<br>    startFauxClicking();<br>  }, anime.random(200, 900));<br>}<br><br>function fauxClick(x, y) {<br>  var fauxClick = new Event(\"mousedown\");<br>  fauxClick.pageX = x;<br>  fauxClick.pageY = y;<br>  document.dispatchEvent(fauxClick);<br>}</code></pre><p><br></p><ul><li>声明：主要内容来源于网络，经过本站优化，仅限学习交流请勿用于商业用途。如损害你的权益请联系客服QQ：951978694给予处理。</li></ul>\n\n\n<style type=\"text/css\">\np.p1 {margin: 0.0px 0.0px 0.0px 0.0px; font: 12.0px \'.PingFang SC\'}\n</style>\n\n\n<style type=\"text/css\">\nli.li1 {margin: 0.0px 0.0px 0.0px 0.0px; font: 12.0px \'.PingFang SC\'}\nspan.s1 {font: 12.0px \'Helvetica Neue\'}\nul.ul1 {list-style-type: hyphen}\n</style>','1552293418189'),(22,'纯CSS3模拟摩天轮旋转动画效果','/public/uploads/20190311-CSS3-mtl.zip',1,1,24,4,1,1,1,'<h2><ul><li>效果图：</li></ul></h2><ul><li><br></li></ul><p><img src=\"/public/images/20190311mtl.jpg\" style=\"max-width:100%;\"><br></p><ul><li><br></li></ul><h2><ul><li>难易程度：简单</li></ul></h2><ul><li><br></li>\n</ul><h2><ul><li>功能描述:</li></ul></h2><ul><li><br></li><li>css3摩天轮动画，旋转动画特效<br></li><li><br></li>\n</ul><h2><ul><li>使用方法: 直接引入</li><li><br></li></ul></h2><h2><ul><li>重要代码：</li></ul><p><br></p><pre><code><span style=\"font-weight: normal;\">&lt;style&gt;<br>	div.gqj{<br>		margin: 100px auto;<br>		width: 800px;<br>		animation: a 1000s;<br>		position: relative;<br>	}<br>	img:nth-child(2){<br>		position: absolute;<br>		top: 80px;<br>		left: 400px;<br>		animation: b 1000s;<br>		transform-origin:top center;<br>	}<br>	img:nth-child(3){<br>		position: absolute;<br>		top: 700px;<br>		left: 400px;<br>		animation: b 1000s;<br>		transform-origin:top center;<br>	}<br>	img:nth-child(4){<br>		position: absolute;<br>		top: 300px;<br>		left: 0px;<br>		animation: b 1000s;<br>		transform-origin:top center;<br>	}<br>	@keyframes a{<br>		form{transform: rotate(0deg)}<br>		to{transform: rotate(36000deg)}<br>	}<br>	@keyframes b{<br>		form{transform: rotate(0deg)}<br>		to{transform: rotate(-36000deg)}<br>	}<br>	&lt;/style&gt;<br>&lt;body&gt;<br>	&lt;div class=\"gqj\"&gt;<br>		&lt;img src=\"./images/fsw.png\"&gt;<br>		&lt;img src=\"./images/boy.png\"&gt;<br>		&lt;img src=\"./images/girl.png\"&gt;<br>        &lt;img src=\"./images/shamegirl.png\"&gt;<br>	&lt;/div&gt;<br>&lt;/body&gt;</span></code></pre><p></p></h2><h2><p></p><p></p><ul><li><span style=\"font-weight: normal;\"><br></span></li></ul><p><ul><li><span style=\"font-weight: normal;\">声明：主要内容来源于网络，经过本站优化，仅限学习交流请勿用于商业用途。如损害你的权益请联系客服QQ：951978694给予处理。</span></li></ul></p><div><span style=\"font-weight: 400;\"><br></span></div><div><span style=\"font-weight: 400;\"><br></span></div><p></p><p></p></h2><p><br></p><style type=\"text/css\">\nli.li1 {margin: 0.0px 0.0px 0.0px 0.0px; font: 12.0px \'.PingFang SC\'}\nspan.s1 {font: 12.0px \'Helvetica Neue\'}\nul.ul1 {list-style-type: hyphen}\n</style>','1552293344660'),(23,'纯css3-transform、rotate布局鼠标划过图片飞散开','/public/uploads/20190311-css3-showimg.zip',1,10,124,61,21,1,1,'<p><br></p><p>\n\n\n<style type=\"text/css\">\np.p1 {margin: 0.0px 0.0px 0.0px 0.0px; font: 12.0px \'.PingFang SC\'}\n</style>\n\n\n</p><p>效果图：</p><p><br></p><p><img src=\"/public/images/19_39_19__03_11_2019.jpg\" style=\"max-width:100%;\"><br></p><p><br></p><p>难易程度：简单<span><b>&nbsp;</b></span></p><p><span><b><br></b></span></p><p>功能描述：鼠标经过封面图片后，底部的图片会以优雅的姿态展示出来</p><p><br></p><p>使用方法：直接引入</p><p><br></p><p>核心技术：</p><p>利用了css3的rotate、transform这两个属性进行图片位置旋转和控制</p><p><br></p><p>重要代码：</p><p><br></p><pre><code>&lt;html xmlns=\"http://www.w3.org/1999/xhtml\"&gt;&lt;head&gt;<br>&lt;meta http-equiv=\"Content-Type\" content=\"text/html; charset=utf-8\"&gt;<br>&lt;title&gt;纯css3鼠标划过图片多种散开特效代码-超级福利&lt;/title&gt;<br>&lt;meta name=\"description\" content=\"纯css3鼠标划过图片多种散开特效代码-超级福利\"&gt;<br>&lt;meta name=\"keywords\" content=\"纯css3,鼠标划过,图片多种散开,特效代码,gqj.cn,钢琴家前端\"&gt;<br>&lt;link href=\"style.css\" rel=\"stylesheet\" type=\"text/css\"&gt;<br>&lt;/head&gt;<br>&lt;body&gt;<br>&lt;div class=\"albums\"&gt;<br>&lt;div class=\"albums-inner\"&gt;<br>&lt;div class=\"albums-tab\"&gt;<br>&lt;div class=\"albums-tab-thumb sim-anim-1\"&gt;<br>&lt;img src=\"20190311girl1.jpg\"&gt;<br>&lt;img src=\"20190311girl2.jpg\"&gt;<br>&lt;img src=\"20190311girl3.jpg\"&gt;<br>&lt;img src=\"20190311girl4.jpg\"&gt;<br>&lt;img src=\"20190311girl5.jpg\"&gt;<br>&lt;img src=\"20190311girl6.jpg\"&gt;<br>&lt;img src=\"20190311girl1.jpg\"&gt;<br>&lt;/div&gt;<br>&lt;/div&gt;<br>&lt;div class=\"albums-tab\"&gt;<br>&lt;div class=\"albums-tab-thumb sim-anim-2\"&gt;<br>&lt;img src=\"20190311girl1.jpg\"&gt;<br>&lt;img src=\"20190311girl2.jpg\"&gt;<br>&lt;img src=\"20190311girl3.jpg\"&gt;<br>&lt;img src=\"20190311girl4.jpg\"&gt;<br>&lt;img src=\"20190311girl10.jpg\"&gt;<br>&lt;/div&gt;<br>&lt;/div&gt;<br>&lt;div class=\"albums-tab\"&gt;<br>&lt;div class=\"albums-tab-thumb sim-anim-3\"&gt;<br>&lt;img src=\"20190311girl1.jpg\"&gt;<br>&lt;img src=\"20190311girl2.jpg\"&gt;<br>&lt;img src=\"20190311girl3.jpg\"&gt;<br>&lt;img src=\"20190311girl4.jpg\"&gt;<br>&lt;img src=\"20190311girl5.jpg\"&gt;<br>&lt;img src=\"20190311girl6.jpg\"&gt;<br>&lt;img src=\"20190311girl7.jpg\"&gt;<br>&lt;img src=\"20190311girl8.jpg\"&gt;<br>&lt;img src=\"20190311girl11.jpg\"&gt;<br>&lt;/div&gt;<br>&lt;/div&gt;<br>&lt;div class=\"albums-tab\"&gt;<br>&lt;div class=\"albums-tab-thumb sim-anim-4\"&gt;<br>&lt;img src=\"20190311girl1.jpg\"&gt;<br>&lt;img src=\"20190311girl2.jpg\"&gt;<br>&lt;img src=\"20190311girl3.jpg\"&gt;<br>&lt;img src=\"20190311girl4.jpg\"&gt;<br>&lt;img src=\"20190311girl5.jpg\"&gt;<br>&lt;img src=\"20190311girl6.jpg\"&gt;<br>&lt;img src=\"20190311girl7.jpg\"&gt;<br>&lt;img src=\"20190311girl8.jpg\"&gt;<br>&lt;img src=\"20190311girl9.jpg\"&gt;<br>&lt;/div&gt;<br>&lt;/div&gt;<br>&lt;div class=\"albums-tab\"&gt;<br>&lt;div class=\"albums-tab-thumb sim-anim-5\"&gt;<br>&lt;img src=\"20190311girl1.jpg\"&gt;<br>&lt;img src=\"20190311girl2.jpg\"&gt;<br>&lt;img src=\"20190311girl3.jpg\"&gt;<br>&lt;img src=\"20190311girl4.jpg\"&gt;<br>&lt;img src=\"20190311girl5.jpg\"&gt;<br>&lt;/div&gt;<br>&lt;/div&gt;<br>&lt;div class=\"albums-tab\"&gt;<br>&lt;div class=\"albums-tab-thumb sim-anim-6\"&gt;<br>&lt;img src=\"20190311girl1.jpg\"&gt;<br>&lt;img src=\"20190311girl9.jpg\"&gt;<br>&lt;img src=\"20190311girl3.jpg\"&gt;<br>&lt;img src=\"20190311girl4.jpg\"&gt;<br>&lt;img src=\"20190311girl5.jpg\"&gt;<br>&lt;img src=\"20190311girl6.jpg\"&gt;<br>&lt;img src=\"20190311girl7.jpg\"&gt;<br>&lt;img src=\"20190311girl8.jpg\"&gt;<br>&lt;img src=\"20190311girl2.jpg\"&gt;<br>&lt;/div&gt;<br>&lt;/div&gt;<br>&lt;div class=\"albums-tab\"&gt;<br>&lt;div class=\"albums-tab-thumb sim-anim-7\"&gt;<br>&lt;img src=\"20190311girl1.jpg\"&gt;<br>&lt;img src=\"20190311girl2.jpg\"&gt;<br>&lt;img src=\"20190311girl3.jpg\"&gt;<br>&lt;img src=\"20190311girl4.jpg\"&gt;<br>&lt;/div&gt;<br>&lt;/div&gt;<br>&lt;div class=\"albums-tab\"&gt;<br>&lt;div class=\"albums-tab-thumb sim-anim-8\"&gt;<br>&lt;img src=\"20190311girl1.jpg\"&gt;<br>&lt;img src=\"20190311girl2.jpg\"&gt;<br>&lt;img src=\"20190311girl9.jpg\"&gt;<br>&lt;img src=\"20190311girl4.jpg\"&gt;<br>&lt;img src=\"20190311girl5.jpg\"&gt;<br>&lt;img src=\"20190311girl6.jpg\"&gt;<br>&lt;img src=\"20190311girl7.jpg\"&gt;<br>&lt;img src=\"20190311girl8.jpg\"&gt;<br>&lt;img src=\"20190311girl3.jpg\"&gt;<br>&lt;/div&gt;<br>&lt;/div&gt;<br>&lt;div class=\"albums-tab\"&gt;<br>&lt;div class=\"albums-tab-thumb sim-anim-9\"&gt;<br>&lt;img src=\"20190311girl1.jpg\"&gt;<br>&lt;img src=\"20190311girl2.jpg\"&gt;<br>&lt;img src=\"20190311girl3.jpg\"&gt;<br>&lt;img src=\"20190311girl4.jpg\"&gt;<br>&lt;img src=\"20190311girl5.jpg\"&gt;<br>&lt;img src=\"20190311girl9.jpg\"&gt;<br>&lt;img src=\"20190311girl7.jpg\"&gt;<br>&lt;img src=\"20190311girl8.jpg\"&gt;<br>&lt;img src=\"20190311girl6.jpg\"&gt;<br>&lt;/div&gt;<br>&lt;/div&gt;<br>&lt;/div&gt;<br>&lt;/div&gt;<br>&lt;/body&gt;<br>&lt;/html&gt;</code></pre><p><br></p><p>\n\n\n<style type=\"text/css\">\np.p1 {margin: 0.0px 0.0px 0.0px 0.0px; font: 12.0px \'.PingFang SC\'}\nspan.s1 {font: 12.0px \'Helvetica Neue\'}\n</style>\n\n\n\n\n\n\n</p><p>声明：主要内容来源于网络，经过本站优化，仅限学习交流请勿用于商业用途。如损害你的权益请联系客服QQ：951978694给予处理。</p>','1552305013935'),(24,'html5-利用SVG制作图片水波纹、浪花动画特效','/public/uploads/css3-20190312-sbwdhtx.zip',1,1,12,6,1,1,1,'<p>效果图：</p><p><br></p><p><img src=\"/public/images/19_06_11__03_12_2019.jpg\" style=\"max-width:100%;\"></p><p><br>难易程度：一般</p><p><br>功能描述：</p><p>html5-利用SVG制作图片水波纹、浪花动画特效；有明显的浪花效果，给人一种真实感；是一个实用的组件。</p><p><br></p><p>使用方法：直接引入</p><p><br>重要代码：</p><pre><code>&lt;body&gt;<br>&lt;svg width=\"0\" height=\"0\"<br> xmlns=\"http://www.w3.org/2000/svg\"<br> xmlns:xlink=\"http://www.w3.org/1999/xlink\"&gt;<br>  &lt;filter id=\"water\"&gt;<br>    &lt;feTurbulence type=\"fractalNoise\" baseFrequency=\".05 .05\" numOctaves=\"1\" result=\"noise1\"&gt;&lt;/feTurbulence&gt;<br>    &lt;feColorMatrix in=\"noise1\" type=\"hueRotate\" values=\"0\" result=\"noise2\"&gt;<br>      &lt;animate attributeName=\"values\" from=\"0\" to=\"360\" dur=\"1s\" repeatCount=\"indefinite\"&gt;<br>    &lt;/feColorMatrix&gt;<br>    &lt;feDisplacementMap xChannelSelector=\"R\" yChannelSelector=\"G\" scale=\"7\" in=\"SourceGraphic\" in2=\"noise2\" /&gt;<br>  &lt;/filter&gt;<br>&lt;/svg&gt;<br>&lt;img src=\"hawaii-water-small.jpg\" alt=\"Hawaiian water crashes against the rocks\"&gt;<br>&lt;/body&gt;</code></pre><p><br></p><pre><code>img {<br>  width: 110vw;<br>  height: 110vh;<br>  position: absolute;<br>  top: -5vh;<br>  left: -5vw;<br>  -o-object-fit: cover;<br>     object-fit: cover;<br>  -webkit-filter: url(#water);<br>          filter: url(#water);<br>}</code></pre><p><br></p><p>声明：主要内容来源于网络，经过本站优化，仅限学习交流请勿用于商业用途。如损害你的权益请联系客服QQ：951978694给予处理。<br></p>','1552389312553'),(25,'纯CSS3不用js感知鼠标从上下左右方向进入翻转动画特效','/public/uploads/20190313-tpfz-css3.zip',1,1,54,7,2,4,1,'<p>难易程度：<span style=\"background-color: rgb(249, 150, 59);\">困难</span></p><p><br>功能描述：</p><p>纯CSS3不用js感知鼠标从上下左右方向进入翻转动画特效;</p><p>为了方便学习，我已经在主要模块中加入了background属性；下载代码后想看到如下图效果的话，请将style.css中注释的代码解开。</p><p><img src=\"/public/images/19_15_04__03_13_2019.jpg\" style=\"max-width:100%;\"><br></p><p>主要是利用了clip-path:none和clip:auto;这两个属性进行区域的剪切；然后利用transform:rotateX(-90deg)进行90度翻滚。</p><p><br></p><p>使用方法：直接引入</p><p><br>重要代码：</p><p>html：</p><pre><code>&lt;body&gt;<br>&lt;section class=\"container\"&gt;<br>	&lt;section class=\"boxItem\"&gt;<br>		&lt;a href=\"javascript:void(0)\"&gt;&lt;/a&gt;<br>		&lt;a href=\"javascript:void(0)\"&gt;&lt;/a&gt;<br>		&lt;a href=\"javascript:void(0)\"&gt;&lt;/a&gt;<br>		&lt;a href=\"javascript:void(0)\"&gt;&lt;/a&gt;<br>		&lt;section class=\"itemContentBox\"&gt;<br>			&lt;img src=\"20190313girl.jpg\" alt=\"\"&gt;<br>			&lt;section class=\"itemContent\"&gt;<br>			&lt;span&gt;上&lt;/span&gt;<br>			&lt;/section&gt;<br>			&lt;section class=\"itemContent\"&gt;<br>			&lt;span&gt;右&lt;/span&gt;<br>			&lt;/section&gt;<br>			&lt;section class=\"itemContent\"&gt;<br>			&lt;span&gt;下&lt;/span&gt;<br>			&lt;/section&gt;<br>			&lt;section class=\"itemContent\"&gt;<br>			&lt;span&gt;左&lt;/span&gt;<br>			&lt;/section&gt;<br>		&lt;/section&gt;<br>	&lt;/section&gt;<br>&lt;/section&gt;<br>&lt;/body&gt;</code></pre><p>css:</p><pre><code>.container {<br>	width:600px;<br>	margin:50px auto;<br>	display:flex;<br>	flex-flow:row wrap;<br>	align-items:center;<br>	justify-content:space-around<br>}<br>.container .boxItem {<br>	width:150px;<br>	height:150px;<br>	position:relative;<br>	margin:0 15px 15px 0<br>}<br>.container .boxItem&gt;a {<br>	position:absolute;<br>	display:block;<br>	width:100%;<br>	height:100%;<br>	z-index:10<br>}<br>.container .boxItem&gt;a:first-of-type:hover,.container <br>.boxItem&gt;a:nth-child(2):hover,.container .boxItem&gt;a:nth-child(3):hover,<br>.container .boxItem&gt;a:last-of-type:hover {<br>	z-index:11;<br>	-moz-clip-path:none;<br>	-webkit-clip-path:none;<br>	clip-path:none;<br>	clip:auto;<br>	/*background: pink;*/<br>}<br><br>.container .boxItem&gt;a:first-of-type:hover~.itemContentBox&gt;img {<br>	-moz-transform:rotateX(-90deg);<br>	-webkit-transform:rotateX(-90deg);<br>	transform:rotateX(-90deg)<br>}<br>.container .boxItem&gt;a:first-of-type:hover~.itemContentBox .itemContent:first-of-type {<br>	-moz-transform:rotateX(0);<br>	-webkit-transform:rotateX(0);<br>	transform:rotateX(0);<br>	opacity:1<br>}<br>.container .boxItem&gt;a:nth-child(2) {<br>	-moz-clip-path:polygon(100% 0,50% 50%,100% 100%);<br>	-webkit-clip-path:polygon(100% 0,50% 50%,100% 100%);<br>	clip-path:polygon(100% 0,50% 50%,100% 100%);<br>	clip:rect(0px,150px,150px,120px);<br>	/*background: red;*/<br>}<br>.container .boxItem&gt;a:nth-child(2):hover~.itemContentBox&gt;img {<br>	-moz-transform:rotateY(-90deg);<br>	-webkit-transform:rotateY(-90deg);<br>	transform:rotateY(-90deg)<br>}<br>.container .boxItem&gt;a:nth-child(2):hover~.itemContentBox .itemContent:nth-of-type(2) {<br>	-moz-transform:rotateY(0);<br>	-webkit-transform:rotateY(0);<br>	transform:rotateY(0);<br>	opacity:1<br>}<br>.container .boxItem&gt;a:nth-child(3) {<br>	-moz-clip-path:polygon(0 100%,50% 50%,100% 100%);<br>	-webkit-clip-path:polygon(0 100%,50% 50%,100% 100%);<br>	clip-path:polygon(0 100%,50% 50%,100% 100%);<br>	clip:rect(120px,150px,150px,0px);<br>	/*background: green;*/<br>}<br>.container .boxItem&gt;a:nth-child(3):hover~.itemContentBox&gt;img {<br>	-moz-transform:rotateX(90deg);<br>	-webkit-transform:rotateX(90deg);<br>	transform:rotateX(90deg)<br>}<br>.container .boxItem&gt;a:nth-child(3):hover~.itemContentBox .itemContent:nth-of-type(3) {<br>	-moz-transform:rotateX(0);<br>	-webkit-transform:rotateX(0);<br>	transform:rotateX(0);<br>	opacity:1<br>}<br>.container .boxItem&gt;a:last-of-type {<br>	-moz-clip-path:polygon(0 0,50% 50%,0 100%);<br>	-webkit-clip-path:polygon(0 0,50% 50%,0 100%);<br>	clip-path:polygon(0 0,50% 50%,0 100%);<br>	clip:rect(0px,30px,150px,0px);<br>	/*background: blue;*/<br>}<br>.container .boxItem&gt;a:last-of-type:hover~.itemContentBox&gt;img {<br>	-moz-transform:rotateY(90deg);<br>	-webkit-transform:rotateY(90deg);<br>	transform:rotateY(90deg)<br>}<br>.container .boxItem&gt;a:last-of-type:hover~.itemContentBox .itemContent:last-of-type {<br>	-moz-transform:rotateY(0);<br>	-webkit-transform:rotateY(0);<br>	transform:rotateY(0);<br>	opacity:1<br>}<br>.container .boxItem .itemContentBox {<br>	width:100%;<br>	height:100%;<br>	position:absolute<br>}<br>.container .boxItem .itemContentBox&gt;img {<br>	width:100%;<br>	height:100%;<br>	position:absolute;<br>	z-index:2;<br>	transition:all .3s linear;<br>	transform-origin:center center -75px<br>}<br>.container .boxItem .itemContentBox .itemContent {<br>	position:absolute;<br>	width:100%;<br>	height:100%;<br>	background-color:#928f8f;<br>	text-align:center;<br>	transform-style:preserve-3d;<br>	transform-origin:center center -75px;<br>	color:#fff;<br>	transition:all .3s linear;<br>	display:flex;<br>	flex-flow:column;<br>	align-items:center;<br>	opacity:.2<br>}<br>.container .boxItem .itemContentBox .itemContent&gt;span {<br>	transform:translateY(60px)<br>}<br>.container .boxItem .itemContentBox .itemContent:first-of-type {<br>	transform:rotateX(90deg)<br>}<br>.container .boxItem .itemContentBox .itemContent:nth-of-type(2) {<br>	transform:rotateY(90deg)<br>}<br>.container .boxItem .itemContentBox .itemContent:nth-of-type(3) {<br>	transform:rotateX(-90deg)<br>}<br>.container .boxItem .itemContentBox .itemContent:last-of-type {<br>	transform:rotateY(-90deg)<br>}</code></pre><p><br></p><p>声明：仅限学习交流请勿用于商业用途。如损害你的权益请联系客服QQ：951978694给予处理。</p>','1552476591941'),(26,'transform-纯CSS3鼠标放置文字倾斜滑进特效','/public/uploads/20190314-transform-CSS3.zip',1,12,155,18,11,1,1,'\n\n\n<style type=\"text/css\">\np.p1 {margin: 0.0px 0.0px 0.0px 0.0px; font: 12.0px \'.PingFang SC\'}\n</style>\n\n\n<p>效果图：</p><p><img src=\"/public/images/2019-03-14_350x234 2.png\" style=\"max-width:100%;\"><br></p><p>难易程度：简单</p><p><br></p><p>功能描述：</p><p>该组件主要用了transition和transform这两个css3的属性进行精确控制、定位；</p><p>是一个实用的技巧，而且不难；也提供了一种很不错的设计思路。</p><p><br></p><p>使用方法：直接引入</p><p><br></p><p>重要代码：</p><p>html:</p><pre><code>&lt;div class=\"main\"&gt;<br>    &lt;div class=\"view\"&gt;<br>      &lt;img src=\"images/modeo02.jpg\" alt=\"钢琴家-gqj.cn\"&gt;<br>      &lt;div class=\"hover\"&gt;<br>          &lt;h3&gt;魔力唇彩&lt;/h3&gt;<br>          &lt;p&gt;嘴唇的诱惑嘴唇的诱唇的诱惑嘴唇的诱惑&lt;/p&gt;<br>       &lt;/div&gt;<br>    &lt;/div&gt;<br>    &lt;div class=\"view\"&gt;<br>      &lt;img src=\"images/modeo03.jpg\" alt=\"钢琴家-gqj.cn\"&gt;<br>      &lt;div class=\"hover\"&gt;<br>          &lt;h3&gt;魔力唇彩&lt;/h3&gt;<br>          &lt;p&gt;嘴唇的诱惑嘴唇的诱唇的诱惑嘴唇的诱惑&lt;/p&gt;<br>       &lt;/div&gt;<br>    &lt;/div&gt;<br>    &lt;div class=\"view\"&gt;<br>      &lt;img src=\"images/modeo04.jpg\" alt=\"钢琴家-gqj.cn\"&gt;<br>      &lt;div class=\"hover\"&gt;<br>          &lt;h3&gt;魔力唇彩&lt;/h3&gt;<br>          &lt;p&gt;嘴唇的诱惑嘴唇的诱唇的诱惑嘴唇的诱惑&lt;/p&gt;<br>       &lt;/div&gt;<br>    &lt;/div&gt;<br>    &lt;div class=\"view\"&gt;<br>      &lt;img src=\"images/modeo05.jpg\" alt=\"钢琴家-gqj.cn\"&gt;<br>      &lt;div class=\"hover\"&gt;<br>          &lt;h3&gt;魔力唇彩&lt;/h3&gt;<br>          &lt;p&gt;嘴唇的诱惑嘴唇的诱唇的诱惑嘴唇的诱惑&lt;/p&gt;<br>       &lt;/div&gt;<br>    &lt;/div&gt;<br>    &lt;div class=\"view\"&gt;<br>      &lt;img src=\"images/modeo06.jpg\" alt=\"钢琴家-gqj.cn\"&gt;<br>      &lt;div class=\"hover\"&gt;<br>          &lt;h3&gt;魔力唇彩&lt;/h3&gt;<br>          &lt;p&gt;嘴唇的诱惑嘴唇的诱唇的诱惑嘴唇的诱惑&lt;/p&gt;<br>       &lt;/div&gt;<br>    &lt;/div&gt;<br>    &lt;div class=\"view\"&gt;<br>      &lt;img src=\"images/modeo07.jpg\" alt=\"钢琴家-gqj.cn\"&gt;<br>      &lt;div class=\"hover\"&gt;<br>          &lt;h3&gt;魔力唇彩&lt;/h3&gt;<br>          &lt;p&gt;嘴唇的诱惑嘴唇的诱唇的诱惑嘴唇的诱惑&lt;/p&gt;<br>       &lt;/div&gt;<br>    &lt;/div&gt;<br>&lt;/div&gt;</code></pre><p>css:</p><pre><code>*{margin:0;padding:0;list-style:none;}<br>.main{ <br>	width:660px; <br>	border:1px solid #ccc; <br>	height:440px; <br>	margin:0 auto;}<br>.main .view{ <br>	width:200px; <br>	height:200px; <br>	overflow:hidden; <br>	position:relative; <br>	margin:10px; <br>	float:left;}<br>.main .hover{<br>	width:200px;<br>	background:rgba(0, 0 ,0 ,0.5); <br>	position:absolute; <br>	top:40px; left:0; <br>	text-align:center; <br>	color:#fff;<br>	transform:rotate(55deg);<br>	-moz-transform:rotate(55deg);<br>	-webkit-transform:rotate(55deg);<br>	transition:all 0.5s;<br>	-moz-transition:all 0.5s;<br>	-webkit-transition:all 0.5s;<br>	overflow:hidden; height:0; z-index:4000;}<br>.main .hover h3{<br>	color:#fff; <br>	border-bottom:2px solid rgba(255, 255 ,255, 0.5); <br>	padding-bottom:10px;<br>	padding-top: 10px;}<br>.main .hover p{<br>	line-height: 130%;<br>	padding: 10px 0;}<br>.main .view:hover .hover{height:120px;<br>transform:rotate(0deg);<br>-moz-transform:rotate(0deg);<br>-webkit-transform:rotate(0deg);}<br>/*before   after为选择器，一般给选择器加动画背景，设置动画样式*/<br>.main .view:before{<br>	content:\"\"; <br>	position:absolute; <br>	top:-240px; <br>	right:0;<br>	width:360px; <br>	height:360px; <br>	background:rgba( 150, 50, 100,0.5);<br>	transform:rotate(55deg) translateX(60px);<br>	-moz-transform:rotate(55deg) translateX(60px);<br>	-webkit-transform:rotate(55deg) translateX(60px);<br>	transform-origin:100% 0%;<br>	-moz-transform-origin:100% 0%;<br>	-webkit-transform-origin:100% 0%;<br>	transition:all 0.5s ease 0.3s;<br>	-moz-transition:all 0.5s ease 0.3s;<br>	-webkit-transition:all 0.5s ease 0.3s;<br><br>}<br>/*写好样式，进行隐藏，用top:-240px;*/<br>.main .view:hover:before{ top:0;}<br>.main .view:after{<br>	content:\"\"; <br>	position:absolute;<br>	bottom:-240px; <br>	left:0;<br>	width:360px; <br>	height:360px; <br>	background:rgba( 150, 50, 100,0.5);<br>	transform:rotate(55deg) translateX(-60px);<br>	-moz-transform:rotate(55deg) translateX(-60px);<br>	-webkit-transform:rotate(55deg) translateX(-60px);<br>	transform-origin:0% 100%;<br>	-moz-transform-origin:0% 100%;<br>	-webkit-transform-origin:0% 100%;<br>	transition:all 0.5s ease 0.3s;<br>	-moz-transition:all 0.5s ease 0.3s;<br>	-webkit-transition:all 0.5s ease 0.3s;<br>}<br>.main .view:hover:after{ bottom:0px;}</code></pre><p><br></p><p>\n\n\n<style type=\"text/css\">\np.p1 {margin: 0.0px 0.0px 0.0px 0.0px; font: 12.0px \'.PingFang SC\'}\nspan.s1 {font: 12.0px \'Helvetica Neue\'}\n</style>\n\n\n\n\n\n\n</p><p>声明：主要内容来源于网络，经过本站优化，仅限学习交流请勿用于商业用途。如损害你的权益请联系客服QQ：951978694给予处理。</p>','1552561407213'),(27,'h5移动端手机第三方支付面板（输入金额+模拟数字键盘+自适应布局）','/public/uploads/payBoard-20190315.zip',1,1,41,10,2,1,1,'<p>效果图：</p><p><img src=\"/public/images/11_44_57__03_15_2019.jpg\" style=\"max-width:100%;\"><br></p><p><br></p><p><img src=\"/public/images/11_44_40__03_15_2019.jpg\" style=\"max-width:100%;\"><br></p><p><br></p><p>难易程度：困难</p><p><br></p><p>功能描述：</p><p><br></p><p>html5自适应的第三方支付面板（输入金额+模拟数字键盘+自适应布局+大写金额）；</p><p>适用于微信支付、支付宝支付等应用场景；是一个实用的组件</p><p><br></p><p>html代码：</p><pre><code>&lt;body ontouchstart class=\"weui-wepay-pay-wrap\"&gt;<br>&lt;div class=\"pay-top\"&gt;<br>	&lt;div class=\"pay-shop-info\"&gt;<br>		&lt;div class=\"content\"&gt;<br>			&lt;img class=\"shop-logo\" src=\"images/shop-logo.png\" alt=\"商家logo\"&gt;<br>			&lt;span class=\"shop-name\"&gt;老干妈便利店&lt;/span&gt;<br>		&lt;/div&gt;<br>	&lt;/div&gt;<br>	&lt;div class=\"pay-input-money\"&gt;<br>		&lt;div class=\"input-left\"&gt;<br>			&lt;span&gt;输入消费金额&lt;/span&gt;<br>		&lt;/div&gt;<br>		&lt;div class=\"input-right\"&gt;<br>			&lt;span&gt;￥&lt;/span&gt;<br>			&lt;label id=\"paymoney\" type=\"text\"&gt;&lt;/label&gt;<br>		&lt;/div&gt;<br>	&lt;/div&gt;<br>	&lt;div class=\"upper-case\"&gt;<br>		&lt;span class=\"upper-case-content\"&gt;&lt;/span&gt;<br>	&lt;/div&gt;<br>&lt;/div&gt;<br>&lt;div class=\"payinfo\"&gt;<br>	&lt;table cellspacing=\"0\" cellpadding=\"0\"&gt;<br>		&lt;tr&gt;<br>			&lt;td class=\"paynum\"&gt;1&lt;/td&gt;<br>			&lt;td class=\"paynum\"&gt;2&lt;/td&gt;<br>			&lt;td class=\"paynum\"&gt;3&lt;/td&gt;<br>			&lt;td id=\"pay-return\"&gt;<br>				&lt;div class=\"keybord-return\"&gt;&lt;/div&gt;<br>			&lt;/td&gt;<br>		&lt;/tr&gt;<br>		&lt;tr&gt;<br>			&lt;td class=\"paynum\"&gt;4&lt;/td&gt;<br>			&lt;td class=\"paynum\"&gt;5&lt;/td&gt;<br>			&lt;td class=\"paynum\"&gt;6&lt;/td&gt;<br>			&lt;td rowspan=\"3\" class=\"pay\"&gt;<br>				&lt;a href=\"javascript:return false;\"&gt;<br>					&lt;div class=\"a-pay\"&gt;<br>						&lt;p&gt;确认&lt;/p&gt;<br>						&lt;p&gt;支付&lt;/p&gt;<br>					&lt;/div&gt;<br>				&lt;/a&gt;<br>			&lt;/td&gt;<br>		&lt;/tr&gt;<br>		&lt;tr&gt;<br>			&lt;td class=\"paynum\"&gt;7&lt;/td&gt;<br>			&lt;td class=\"paynum\"&gt;8&lt;/td&gt;<br>			&lt;td class=\"paynum\"&gt;9&lt;/td&gt;<br>		&lt;/tr&gt;<br>		&lt;tr&gt;<br>			&lt;td id=\"pay-zero\" colspan=\"2\" class=\"payzero\"&gt;0&lt;/td&gt;<br>			&lt;td id=\"pay-float\"&gt;.&lt;/td&gt;<br>		&lt;/tr&gt;<br>	&lt;/table&gt;<br>&lt;/div&gt;<br>&lt;/body&gt;</code></pre><p><br></p><p>\n\n\n<style type=\"text/css\">\np.p1 {margin: 0.0px 0.0px 0.0px 0.0px; font: 12.0px \'.PingFang SC\'}\nspan.s1 {font: 12.0px \'Helvetica Neue\'}\n</style>\n\n\n\n\n\n\n\n</p><p>声明：原创，仅限学习交流请勿用于商业用途。如损害你的权益请联系客服QQ：951978694给予处理。</p>','1552622368546');
/*!40000 ALTER TABLE `article` ENABLE KEYS */;
UNLOCK TABLES;

--
-- Table structure for table `atcAndLb`
--

DROP TABLE IF EXISTS `atcAndLb`;
/*!40101 SET @saved_cs_client     = @@character_set_client */;
/*!40101 SET character_set_client = utf8 */;
CREATE TABLE `atcAndLb` (
  `al_id` int(11) NOT NULL AUTO_INCREMENT,
  `al_atc_id` int(11) DEFAULT NULL,
  `al_lb_id` int(11) DEFAULT NULL,
  PRIMARY KEY (`al_id`)
) ENGINE=InnoDB AUTO_INCREMENT=28 DEFAULT CHARSET=utf8;
/*!40101 SET character_set_client = @saved_cs_client */;

--
-- Dumping data for table `atcAndLb`
--

LOCK TABLES `atcAndLb` WRITE;
/*!40000 ALTER TABLE `atcAndLb` DISABLE KEYS */;
INSERT INTO `atcAndLb` VALUES (1,1,1),(2,2,5),(3,3,6),(4,4,7),(5,5,7),(6,6,7),(7,7,7),(8,8,6),(9,9,9),(10,10,5),(11,11,5),(12,12,10),(13,13,10),(14,14,1),(15,15,10),(16,16,10),(17,17,6),(18,18,5),(19,19,5),(20,20,7),(21,21,6),(22,22,37),(23,23,5),(24,24,7),(25,25,37),(26,26,37),(27,27,38);
/*!40000 ALTER TABLE `atcAndLb` ENABLE KEYS */;
UNLOCK TABLES;

--
-- Table structure for table `docAndLb`
--

DROP TABLE IF EXISTS `docAndLb`;
/*!40101 SET @saved_cs_client     = @@character_set_client */;
/*!40101 SET character_set_client = utf8 */;
CREATE TABLE `docAndLb` (
  `dl_id` int(11) NOT NULL AUTO_INCREMENT,
  `dl_doc_id` int(11) DEFAULT NULL,
  `dl_lb_id` int(11) DEFAULT NULL,
  PRIMARY KEY (`dl_id`)
) ENGINE=InnoDB AUTO_INCREMENT=43 DEFAULT CHARSET=utf8;
/*!40101 SET character_set_client = @saved_cs_client */;

--
-- Dumping data for table `docAndLb`
--

LOCK TABLES `docAndLb` WRITE;
/*!40000 ALTER TABLE `docAndLb` DISABLE KEYS */;
INSERT INTO `docAndLb` VALUES (1,1,12),(2,2,11),(3,3,13),(4,4,14),(5,5,15),(6,6,16),(7,7,11),(8,8,16),(9,9,12),(10,10,12),(11,11,12),(12,12,12),(13,13,12),(14,14,13),(15,15,13),(16,16,13),(17,17,13),(18,18,14),(19,19,14),(20,20,14),(21,21,11),(22,22,11),(23,23,11),(24,24,15),(25,25,15),(26,26,16),(27,27,16),(28,28,16),(29,29,11),(30,30,11),(31,31,17),(32,32,17),(33,33,17),(34,34,17),(35,35,17),(36,36,17),(37,37,18),(38,38,18),(39,39,17),(40,40,33),(41,41,14),(42,42,39);
/*!40000 ALTER TABLE `docAndLb` ENABLE KEYS */;
UNLOCK TABLES;

--
-- Table structure for table `document`
--

DROP TABLE IF EXISTS `document`;
/*!40101 SET @saved_cs_client     = @@character_set_client */;
/*!40101 SET character_set_client = utf8 */;
CREATE TABLE `document` (
  `doc_id` int(11) NOT NULL AUTO_INCREMENT,
  `doc_logo` varchar(256) DEFAULT NULL,
  `doc_title` varchar(256) DEFAULT NULL,
  `doc_desc` varchar(256) DEFAULT NULL,
  `doc_address` varchar(256) DEFAULT NULL,
  `doc_github` varchar(256) DEFAULT NULL,
  `doc_label` varchar(256) DEFAULT NULL,
  `doc_publish_time` varchar(256) DEFAULT NULL,
  `doc_weight` tinyint(4) DEFAULT '1',
  PRIMARY KEY (`doc_id`)
) ENGINE=InnoDB AUTO_INCREMENT=43 DEFAULT CHARSET=utf8;
/*!40101 SET character_set_client = @saved_cs_client */;

--
-- Dumping data for table `document`
--

LOCK TABLES `document` WRITE;
/*!40000 ALTER TABLE `document` DISABLE KEYS */;
INSERT INTO `document` VALUES (1,'/public/images/vuelogo.png','vue','渐进式 JavaScript 框架','https://cn.vuejs.org/','https://github.com/vuejs/vue','12','1547267565856',1),(2,'/public/images/wechat.jpeg','微信小程序','小程序开发框架的目标是通过尽可能简单、高效的方式让开发者可以在微信中开发具有原生 APP 体验的服务。','https://developers.weixin.qq.com/miniprogram/dev/','','11','1547267786517',1),(3,'/public/images/webpacklogo.jpg','webpack','webpack 是一个现代 JavaScript 应用程序的静态模块打包器','https://www.webpackjs.com/','https://github.com/webpack/webpack','13','1547282866050',1),(4,'/public/images/egglogo.jpeg','egg','阿里-为企业级框架和应用而生','https://eggjs.org/zh-cn/','https://github.com/eggjs/egg/','14','1547268666524',1),(5,'/public/images/xgplayer.png','西瓜视频播放器','一款带解析器、能节省流量的HTML5视频播放器','https://h5player.bytedance.com/','https://github.com/bytedance/xgplayer','15','1547268988391',1),(6,'/public/images/antvlogo.png','antV','让数据栩栩如生','https://antv.alipay.com/zh-cn/index.html','https://github.com/antvis/','16','1547269363813',1),(7,'/public/images/zfbxcxlogo.jpeg','支付宝小程序','支付宝小程序是一种全新的开放模式，它运行在支付宝客户端，可以被便捷地获取和传播，为终端用户提供更优的用户体验。','https://docs.alipay.com/mini/introduce','','11','1547269556212',1),(8,'/public/images/echartslogo.png','ECharts','提供直观，交互丰富，可高度个性化定制的数据可视化图表。','https://echarts.baidu.com/feature.html','https://github.com/apache/incubator-echarts','16','1547269709310',1),(9,'/public/images/react-16ed83.svg','React','用于构建用户界面的 JavaScript 库','https://react.docschina.org/','https://github.com/facebook/react/','12','1547283175515',1),(10,'/public/images/angular.svg','Angular',' 一套框架，多种平台 移动端 & 桌面端','https://angular.cn/','https://github.com/angular/angular','12','1547283326897',1),(11,'/public/images/rxjs-4b9b55.png','RxJS','用于 JavaScript 的 ReactiveX 库','https://cn.rx.js.org/','https://github.com/RxJS-CN/RxJS-Docs-CN/','12','1547283422593',1),(12,'/public/images/cyclejs-b8b136.svg','Cyclejs','一个函数式和响应式的 JavaScript 框架，编写可观测代码','http://cyclejs.cn/','https://github.com/cyclejs/cyclejs/','12','1547283508617',1),(13,'/public/images/polymer-4c572d.png','Polymer','一个现代的 JavaScript 工具库','https://polymer-zh.cn/','','12','1547283637874',1),(14,'/public/images/babel-6e8c09.png','Babel','Babel 是 JavaScript 编译器','https://babel.docschina.org/','https://github.com/babel/babel','13','1547283722201',1),(15,'/public/images/typescript-9e8bfc.svg','TypeScript','TypeScript具有类型系统，且是JavaScript的超集','https://zhongsp.gitbooks.io/typescript-handbook/','https://github.com/zhongsp/TypeScript','13','1547283818262',1),(16,'/public/images/grunt-699c22.svg','Grunt','JavaScript 世界的构建工具','https://grunt.docschina.org/','','13','1547283921718',1),(17,'/public/images/gulp-8bde48.svg','Gulp','用自动化构建工具增强你的工作流程！','https://www.gulpjs.com.cn/','','13','1547283997213',1),(18,'/public/images/koa-f64b48.svg','Koa',' 基于 Node.js 平台的下一代 web 开发框架','https://koa.bootcss.com/','https://github.com/koajs/koa','14','1547284202454',1),(19,'/public/images/expresslogo.png.png','Express','高度包容、快速而极简的 Node.js Web 框架','http://expressjs.com/zh-cn/','https://github.com/expressjs/express','14','1547284331479',1),(20,'/public/images/thinkjslogo.png','ThinkJS',' 能够使用完整 ES6/7 特性进行开发的 Node.js 应用程序','https://thinkjs.org/','https://github.com/thinkjs/thinkjs','14','1547284420914',1),(21,'/public/images/logo-taro.png','Taro','Taro是一套遵循 React 语法规范的 多端开发 解决方案。','https://nervjs.github.io/taro/docs/README.html','https://github.com/NervJS/taro','11','1547437189124',10),(22,'/public/images/baidulogo.png','智能小程序','百度小程序是一种新的开放能力，开发者可以快速地开发一个智能小程序。','https://smartprogram.baidu.com/docs/develop/tutorial/codedir/','','11','1547438176730',1),(23,'/public/images/kyingyonglogo.png','快应用','快应用是移动互联网新型应用生态','https://doc.quickapp.cn/',NULL,'11','1547443966583',1),(24,'/public/images/75team-9ea07a.svg','Chimee','组件化H5播放器框架 支持 mp4、m3u8、flv 等多种格式','http://chimee.org/','https://github.com/Chimeejs/chimee','15','1547519169523',1),(25,'/public/images/blibliflv.svg','Flv.js','H5 Flash 视频播放器，纯原生 JavaScript 开发,由 bilibili 网站开源。','https://github.com/Bilibili/flv.js','','15','1547519438392',1),(26,'/public/images/threejslogo.png','Threejs','开源的主流3D绘图JS引擎','http://techbrood.com/threejs/docs/','https://github.com/mrdoob/three.js','16','1547519632470',1),(27,'/public/images/vuelogo.svg',' v-charts','基于 Vue2.0 和 echarts 封装的 v-charts 图表组件','https://v-charts.js.org/#/','https://github.com/ElemeFE/v-charts','16','1547519844332',1),(28,'/public/images/spritejs-360.png','SpriteJS','一款简单的跨终端 canvas 绘图框架','http://spritejs.org/#/','https://github.com/spritejs/spritejs','16','1547519987849',1),(29,'/public/images/mpvue-vue.png','mpvue','一个使用 Vue.js 开发小程序的前端框架','http://mpvue.com/','https://github.com/Meituan-Dianping/mpvue','11','1547520122637',1),(30,'/public/images/wepylogo.png','WePY','让小程序支持组件化开发的框架最受欢迎的小程序框架','https://tencent.github.io/wepy/index.html','https://github.com/Tencent/wepy','11','1547520350684',1),(31,'/public/images/lodashlogo.png','Lodash','是一个一致性、模块化、高性能的 JavaScript 实用工具库。','https://www.lodashjs.com/','https://github.com/lodash/lodash','17','1547796484922',1),(32,'/public/images/jquerylogo.png','Jquery中文API','一个高效、精简并且功能丰富的 JavaScript 工具库。','https://www.jquery123.com/','https://github.com/jquery/jquery','17','1547797316134',99),(33,'/public/images/css3logo.png','CSS参考中文手册',' web前端开发参考手册系列之CSS参考手册','http://css.cuishifeng.cn/','','17','1547797323846',98),(34,'/public/images/javascriptlogo.png','Javascript中文文档','JavaScript ( JS ) 是一种具有函数优先的轻量级解释型或即时编译型的编程语言。','https://developer.mozilla.org/zh-CN/docs/Web/JavaScript','','17','1547797304630',100),(35,'/public/images/momentlogo1.jpg','Moment.js中文文档','Moment.js 是一个 JavaScript 日期处理类库，用于解析、检验、操作、以及显示日期，使用起来十分方便。','http://momentjs.cn/docs/','https://github.com/moment/moment/','17','1548769195091',1),(36,'/public/images/web-fundamentals-icon192x192.png','Chrome开发者工具中文文档','Chrome 开发者工具是一套内置于Google Chrome中的Web开发和调试工具，可用来对网站进行迭代、调试和分析。','https://developers.google.cn/web/tools/chrome-devtools/?hl=zh-cn',NULL,'17','1547804093274',1),(37,'/public/images/gitlogo.jpeg','Git中文文档','同生活中的许多伟大事物一样，Git 诞生于一个极富纷争大举创新的年代。','https://git-scm.com/book/zh/v2',NULL,'18','1548151327309',1),(38,'/public/images/gitlab-logo.svg','Gitlab中文文档','是一个用于仓库管理系统的开源项目，使用Git作为代码管理工具，并在此基础上搭建起来的web服务。','https://gitlab.com/larryli/gitlab',NULL,'18','1548151687102',1),(39,'/public/images/google-554640.svg','谷歌翻译','极其强大的翻译工具，谷歌翻译你值得拥有','https://translate.google.cn/m/translate',NULL,'17','1548212812477',1),(40,'/public/images/nunjacks-logo.jpg','Nunjucks','优秀的前端模板','http://mozilla.github.io/nunjucks/cn/templating.html','https://github.com/mozilla/nunjucks','33','1550460551944',1),(41,'/public/images/nodejs-logo1.jpeg','Node.js中文文档','Node.js 是一个基于 Chrome V8 引擎的 JavaScript 运行环境。  Node.js 使用了一个事件驱动、非阻塞式 I/O 的模型，使其轻量又高效。 ','http://nodejs.cn/api/',NULL,'14','1551923430854',100),(42,'/public/images/flutter-mark-square-100.png','Flutter','Flutter是谷歌的移动UI框架，可以快速在iOS和Android上构建高质量的原生用户界面。 Flutter可以与现有的代码一起工作。在全世界，Flutter正在被越来越多的开发者和组织使用，并且Flutter是完全免费、开源的。','https://flutterchina.club/','https://github.com/flutter','39','1556075403169',10);
/*!40000 ALTER TABLE `document` ENABLE KEYS */;
UNLOCK TABLES;

--
-- Table structure for table `label`
--

DROP TABLE IF EXISTS `label`;
/*!40101 SET @saved_cs_client     = @@character_set_client */;
/*!40101 SET character_set_client = utf8 */;
CREATE TABLE `label` (
  `lb_id` int(11) NOT NULL AUTO_INCREMENT,
  `lb_name` varchar(100) DEFAULT NULL,
  `lb_type` tinyint(4) DEFAULT '1',
  `lb_weight` tinyint(4) DEFAULT '1',
  PRIMARY KEY (`lb_id`),
  UNIQUE KEY `lb_name` (`lb_name`)
) ENGINE=InnoDB AUTO_INCREMENT=40 DEFAULT CHARSET=utf8;
/*!40101 SET character_set_client = @saved_cs_client */;

--
-- Dumping data for table `label`
--

LOCK TABLES `label` WRITE;
/*!40000 ALTER TABLE `label` DISABLE KEYS */;
INSERT INTO `label` VALUES (1,'微信小程序',1,0),(5,'焦点图',1,99),(6,'canvas',1,98),(7,'3d特效',1,97),(9,'日期钟表',1,1),(10,'h5游戏',1,96),(11,'小程序',2,98),(12,'前端框架',2,99),(13,'项目工程化',2,99),(14,'nodejs框架',2,1),(15,'视频模块',2,1),(16,'可视化',2,1),(17,'常用文档',2,100),(18,'团队协作',2,99),(26,'图片压缩',4,100),(27,'图片素材',4,90),(28,'设计灵感',4,85),(29,'技术周刊',4,80),(30,'产品设计',4,10),(31,'算法试题',4,1),(32,'在线作图',4,1),(33,'前端模板',2,2),(34,'统计分析',4,10),(35,'在线编辑器',4,1),(36,'css兼容',4,10),(37,'纯ccs',1,1),(38,'手机网页',1,1),(39,'多端技术',2,10);
/*!40000 ALTER TABLE `label` ENABLE KEYS */;
UNLOCK TABLES;

--
-- Table structure for table `tlAndLb`
--

DROP TABLE IF EXISTS `tlAndLb`;
/*!40101 SET @saved_cs_client     = @@character_set_client */;
/*!40101 SET character_set_client = utf8 */;
CREATE TABLE `tlAndLb` (
  `tll_id` int(11) NOT NULL AUTO_INCREMENT,
  `tll_tl_id` int(11) DEFAULT NULL,
  `tll_lb_id` int(11) DEFAULT NULL,
  PRIMARY KEY (`tll_id`)
) ENGINE=InnoDB AUTO_INCREMENT=24 DEFAULT CHARSET=utf8;
/*!40101 SET character_set_client = @saved_cs_client */;

--
-- Dumping data for table `tlAndLb`
--

LOCK TABLES `tlAndLb` WRITE;
/*!40000 ALTER TABLE `tlAndLb` DISABLE KEYS */;
INSERT INTO `tlAndLb` VALUES (1,1,26),(2,2,27),(3,3,29),(4,4,28),(5,5,30),(6,6,27),(7,7,27),(8,8,27),(9,9,30),(10,10,30),(11,11,29),(12,12,29),(13,13,29),(14,14,31),(15,15,32),(16,16,34),(17,17,28),(18,18,28),(19,19,31),(20,20,35),(21,21,35),(22,22,36),(23,23,35);
/*!40000 ALTER TABLE `tlAndLb` ENABLE KEYS */;
UNLOCK TABLES;

--
-- Table structure for table `tool`
--

DROP TABLE IF EXISTS `tool`;
/*!40101 SET @saved_cs_client     = @@character_set_client */;
/*!40101 SET character_set_client = utf8 */;
CREATE TABLE `tool` (
  `tl_id` int(11) NOT NULL AUTO_INCREMENT,
  `tl_logo` varchar(256) DEFAULT NULL,
  `tl_title` varchar(256) DEFAULT NULL,
  `tl_desc` varchar(256) DEFAULT NULL,
  `tl_address` varchar(256) DEFAULT NULL,
  `tl_label` varchar(256) DEFAULT NULL,
  `tl_publish_time` varchar(256) DEFAULT NULL,
  `tl_weight` tinyint(4) DEFAULT '1',
  PRIMARY KEY (`tl_id`)
) ENGINE=InnoDB AUTO_INCREMENT=24 DEFAULT CHARSET=utf8;
/*!40101 SET character_set_client = @saved_cs_client */;

--
-- Dumping data for table `tool`
--

LOCK TABLES `tool` WRITE;
/*!40000 ALTER TABLE `tool` DISABLE KEYS */;
INSERT INTO `tool` VALUES (1,'/public/images/tinypng-logo.png','TinyPng','公认的图片压缩神器，免费好用，压缩的效果超好','https://tinypng.com/','26','1549964130931',100),(2,'/public/images/iconfont-logo.jpg','Iconfont-阿里巴巴矢量图标库','国内功能很强大且图标内容很丰富的矢量图标库,提供矢量图标下载、在线存储、格式转换等功能。','https://www.iconfont.cn/','27','1549964923366',1),(3,'/public/images/meituan-logo.jpeg','美团技术团队','美团技术沙龙由美团技术团队主办，每期沙龙邀请美团及其他互联网公司的技术专家分享来自一线的实践经验，覆盖前端、后台、系统、算法、测试、运维等技术领域。','https://tech.meituan.com/','29','1549965321755',10),(4,'/public/images/dribbble-logo.jpeg','Dribbble','一个面向创作家、艺术工作者、设计师等创意类作品的人群，提供作品在线服务，供网友在线查看已经完成的作品或者正在创作的作品的交流网站','https://dribbble.com/','28','1549965581352',10),(5,'/public/images/pmcaff-logo1.png','PMCAFF-咖啡日报','产品经理社区','https://coffee.pmcaff.com/','30','1549966059024',1),(6,'/public/images/pngimg-logo.jpg','PngImg','世界最大PNG透明背景图库,免费下载插图','http://pngimg.com/','27','1550113753282',9),(7,'/public/images/unsplash-logo.jpg','Unsplash','所有图片都是由其创作者自愿免费分享出来，其他人无需经过允许即可任意使用。没有任何金钱利益的气味','https://unsplash.com/','27','1550113867046',1),(8,'/public/images/pexels-logo.png','Pexels','一个有视频和图片素材下载的国外免费资源站点','https://www.pexels.com/','27','1550114357004',2),(9,'/public/images/woshipm-logo_gaitubao_com_80x80.png','人人都是产品经理','人人都是产品经理 | 产品经理、产品爱好者学习交流平台','http://www.woshipm.com/','30','1550114664457',1),(10,'/public/images/chanpin100-logo.png','产品壹佰','产品壹佰最真实的产品经理学习网站,互联网产品设计,原型设计,PRD,axure知识学习交流与分享。为产品经理爱好者提供最优质的产品资讯、原创内容和相关视频课程','http://www.chanpin100.com/','30','1550118760990',1),(11,'/public/images/tengxun-logo.png','AlloyTeam','腾讯全端AlloyTeam团队','http://www.alloyteam.com/','29','1550209126898',90),(12,'/public/images/taobaofed-logo.png','淘宝前端团队','用技术为体验提供无限可能','http://taobaofed.org/','29','1550209458329',1),(13,'/public/images/o2-logo_gaitubao_com_51x36.png','凹凸实验室','京东用户体验博客','https://aotu.io/index.html','29','1550209805324',10),(14,'/public/images/leetcode-logo.jpg','LeetCode-领扣','备战技术面试？力扣提供海量技术面试资源，帮助你高效提升编程技能，轻松拿下世界 IT 名企 Dream Offer。','https://leetcode-cn.com/','31','1550459751775',10),(15,'/public/images/process-logo.png','Processon','免费在线作图，实时协作,支持流程图、思维导图、原型图、UML、网络拓扑图、组织结构图等','https://www.processon.com/','32','1550460067441',10),(16,'/public/images/baidutj-logo.jpg','百度统计','百度统计——最大的中文网站分析平台','https://tongji.baidu.com/web/welcome/login','34','1550460889467',1),(17,'/public/images/shijue-logo.jpg','视觉','视觉me设计社区- 设计师&插画师交流平台！','http://shijue.me/','28','1550477371873',1),(18,'/public/images/zcool-logo.jpg','站酷-ZCOOL','设计师互动平台 - 打开站酷，发现更好的设计！','https://www.zcool.com.cn/','28','1550477576430',1),(19,'/public/images/nowcoder-logo.jpg','牛客网','牛客网是互联网求职神器，C++、Java、前端、产品、运营技能学习/备考/求职题库，在线进行百度阿里腾讯网易等互联网名企笔试面试模拟考试练习,和牛人一起讨论经典试题,全面提升你的技术能力','https://www.nowcoder.com/','31','1550627077771',1),(20,'/public/images/weex-logo.jpg','Weex','一个能直接运行vue代码的在线编辑器','http://dotwe.org/vue/','35','1550627686774',1),(21,'/public/images/codepen-logo.png','Codepen','一款前端所见即所得的工具，特别是制作DEMO时，能够带给前端非常棒的体验！它收集了全世界前端达人经典项目进行展示，从中获取到很多的创作灵感','https://codepen.io/','35','1550627854243',10),(22,'/public/images/caniuse-logo.png','Can I use','Web前端兼容性列表','https://caniuse.com/','36','1550628101508',10),(23,'/public/images/Markdown-logo.jpg','Cmd Markdown 编辑阅读器','我们理解您需要更便捷更高效的工具记录思想，整理笔记、知识，并将其中承载的价值传播给他人，我们为记录思想和分享知识提供更专业的工具','https://www.zybuluo.com/mdeditor','35','1551923734735',80);
/*!40000 ALTER TABLE `tool` ENABLE KEYS */;
UNLOCK TABLES;
/*!40103 SET TIME_ZONE=@OLD_TIME_ZONE */;

/*!40101 SET SQL_MODE=@OLD_SQL_MODE */;
/*!40014 SET FOREIGN_KEY_CHECKS=@OLD_FOREIGN_KEY_CHECKS */;
/*!40014 SET UNIQUE_CHECKS=@OLD_UNIQUE_CHECKS */;
/*!40101 SET CHARACTER_SET_CLIENT=@OLD_CHARACTER_SET_CLIENT */;
/*!40101 SET CHARACTER_SET_RESULTS=@OLD_CHARACTER_SET_RESULTS */;
/*!40101 SET COLLATION_CONNECTION=@OLD_COLLATION_CONNECTION */;
/*!40111 SET SQL_NOTES=@OLD_SQL_NOTES */;

-- Dump completed on 2019-05-28 16:32:43
